,Tweet
0,"@qNitQoo9dm6Dw2g ุงูููุฑูุถ ุฑูุฒุช ุงููู ูุญูุธู๐๐
ุงูููู 31 / 12 / 2021
ุจูุฑุฉ ุงูุณุจุช ุงูุณูุฉ ุงูุฌุฏูุฏุฉ 
ุชุงุฑูุฎ 1 / 1 / 2022
ุงูุงุญุฏ ุงูู ููู ุฏุฑุงุณู ูู ุนุงู 2022"
1,"@m7YOFV7y0VuQlqE ุงูููู 31 / 12 / 2021
ุจูุฑุฉ ุงูุณุจุช ุงูุณูุฉ ุงูุฌุฏูุฏุฉ 
ุชุงุฑูุฎ 1 / 1 / 2022
ุงูุงุญุฏ ุงูู ููู ุฏุฑุงุณู ูู ุนุงู 2022
ูุงุฑุจ ูุตูุช ุงูููุฑู๐๐๐"
2,@almalke_20020 ูุง ูู ุงููุงุฑ ุทุงูุฑ
3,@ll_ll_l_l_ll_l ุนูุฒ ุชูุงุทุญ ุฌุจู
4,@loord5752 ุถุฏ ุงูุฑุงู ุจุนุฏ ูุงุณูููุง ุงูุนุฑุงู ููุง ูุฐุจุญุชูู ุฐุจุญ ูุนุงุฌ ูุนุฑู ุงู ูุง ูููุฉ ููู ุนูุฏูุง ููุง ูุฒู ููู ูุฑููู ููุณุนูุฏูุฉ ุนููุฏุฉ ูุคูููู ุจูุง
5,@Hussain112_ @election2020P ุงูุชู ููู ุดูุฎู ุงูุณุณุชุงูู ููุงุจู 200 ููููู ุฏููุงุฑ ุจุฃู ุชูุงุชููุง ูู ุตู ุงูุงููููุงู ูุนุฏู ุงูุฏูุงุน ุนู ุงูุนุฑุงู ูุณูุทุช ุจูุฏ ุงูุงูุฑููุงู ุงูุฐูู ุณููููุง ูุงูุฑุงู ุจุณุจุจ ุนูุงูุฉ ูุฎูุงูุฉ ุงูุดูุนุฉ ุงูุซุงูู
6,"ูุงุฏุงูุน ุนู ุนุฑุถู ุนุดุงู ูุฏุงูุน ุนู ุงูุฎููุฌ ูุฐุง ุงูุฑุงูุถู ูุณุชุจุงุญ ุนุฑุถุฉ ูููุฑุณ ุงููุฌูุณ ูุฎุงู ุฑุฆูุณู ูุจูุฏู ูุณูููุง ูุงูุฑููุง ูุงูุฑุงู
ุงูุง ุงูุฎููุฌููู ููุง ูุคุซุฑ ูููู ูุจุงุญู ูู ูุงู ููุจ ูู ููุงุจ ุงููุฑุณ ุงููุฌูุณ
ูุงูุฎุทุฃ ุงู ูุณุชุถุงู ุงู ุฐูู ุงูุฑุงูู ูู ูููุงุชูุง ุงูุฎููุฌูุฉ https://t.co/fDGB14IDu4"
7,@n00nader ูุง ุชููู ุงูู ุชุฌุญููุช๐๐
8,@jotem2009 ุงุจุฏุงู ูุงููู ๐๐
9,@yKsaxSTDKC0ad3M ุงุญุณูุช
10,"@Noor66nn ุญูุฏ ุงูุฑุงูุถุฉ ุนูู ุงูู ุงูุณูุฉ ุงุดุฏ ูู ุญูุฏ ูู ุงูููู ุนูู ูุฌู ุงูุงุฑุถ ูุฌุชูุนุฉ ููุจูุญูู ุฏูุงุฆูู ูุงููุงููู ูุธูููู
ุญุณุจูุง ุงููู ููุนู ุงููููู"
11,@Mhmdalharbe11 ุตุฏููู ูู ุนุงุฑููู ูุงุถุญ ุงููุนูู ุงููู ูุฌุฒุงู ุฎูุฑ๐ ูุงููุฏ ูุชููุนูููุง ุทูุทูุฉ ููู๐
12,"@_Jawikhany @Tarih000 ุงูุฌุฒุงุฆุฑ ูุจูุชูู ุดุฑู ูููุณ ุบุฑุจ
ุบุฑุจ ูุตููู ูุชูุฌููู ููุฑุจุงุท๐"
13,@_Jawikhany @Tarih000 ุงุฐุง ููุงูู ุตุญูุญ ุงูููุฑูุถ ุงูุดูุณ ุชููู ุฎููู ูุงู ูุจูุชูู ุดุฑู ููููู ุธูู ุงูุงูู
14,@B270m ๐๐๐
15,@FeX33vGuCLLelrN ุนู ุจุนุฏ ุงุฐุง ุงุณุชูุฑููุง ูุงูุงุณุจูุน ูู ุฒูุงุฏู ูุฃููุฏ ุฑุงุญ ูููู ุนู ุจุนุฏ
16,@AnwerKhiri ุงุญุณูุช๐
17,@FeX33vGuCLLelrN ุงูููู 2021 ุงุฌุงุฒุฉ ุจูุฑู ุณูุฉ 2022 ูุนูู ููู ุงูุงุญุฏ ูุฑุฌุน ุงูุฏูุงู๐
18,@aamansour2014 ุงุญุณูุช
19,@nina7_m ุงุนุชุฐุฑ๐
20,@xhFF9pyqU8Qdlkd ูู ุงูุดุฑู ุงููู ูุณุนุฏู
21,"@Alaa20Z ููู ูุฏูุฑููุ
 ุงุตุญุงุจ ุงูุนูุงูู ูู ุงูุฑุงู
ุงููู ูุฏูุฑ ุงูุญูุซู ููุตุฑ ุงูุดูุทุงู ูุนูุงูู ุงูุนุฑุงู ูู ุงููุงููู ูุงูุณุณุชุงูู ูุงูุตุฏุฑ ูุงูุญููู ูุบูุฑูู ุงููุณุช ูุฑุฌุนูุชูู ุงูููู ุงูุณููู ูู ุงูุฑุงูุโผ๏ธ"
22,@h_yhs ๐๐๐
23,"@aadel_alkhaldii ุงูุงุงุงุง ูุงุนุงุฏู ููุจ ุจููุง๐๐๐
ุฎู ุฏุนูุงุชูุง ูุจุนุถ ูู ุฌููุน ุงูุธุฑูู๐๐"
24,@bu_kandar68 @Silly2000_55 @DAutWnHvLEHxW4A ๐คช
25,"@drobrimy ๐คช
ุงูููู 2021 ุงุฌุงุฒุฉ ุจูุฑู ุณูุฉ 2022 ูุนูู ููู ุงูุงุญุฏ ูุฑุฌุน ุงูุฏูุงู๐"
26,@Maistrooo502 ูุชููุนู๐๐
27,"@Maistrooo502 ๐๐๐๐
ูุงูุช ุฐูุฑูุงุช ุณูุฆุฉ ุงูุญูุฏููู ุงูู ูุงููู ุญุธุฑ"
28,"@Its_anaa_ ๐๐๐๐ ุงุณู ูุงุจูุณุนูุฏ ุนูู ูุงูููุงุจ
ุงูููุฑูุถ ุฏููุช ูู ุงูุชุงุฑูุฎ ุนุดุงู ุชุนุฑู ุงู ุงูุณูุฉ ุงูุฌุฏูุฏู ุจูุฑุฉ๐๐"
29,@128_wedad ๐๐๐๐
30,"@for_you_my_god ุงูููู 31 / 12 / 2021
ุจูุฑุฉ ุงูุณุจุช ุงูุณูุฉ ุงูุฌุฏูุฏุฉ 
ุชุงุฑูุฎ 1 / 1 / 2022
ูุงุฑุจ ูุตูุช ุงูููุฑู๐๐๐"
31,@for_you_my_god ูุง ุจุงูุนูุณ ุญูููุฉ ูุงู ุงูุงุญุฏ ุงููุงุฏู ุชููู ุฏุฎูุช ุณูุฉ 2022๐
32,"@sssmalki ุงููู ูุตูุญูู ููุฌุนููู ูุฑุฉ ุนูู
ุฌูู ุตุนุจ ุชูุนุจ ุนููู๐๐"
33,@7M28kKkWoxlcmhN ุงุจู ูุงุดู ูุงุฒู ุชุฏูู ูู ุงู ุดู ุชูุฑุฃู๐๐
34,@wao0oda ุขููู ููุงู
35,@nina7_m ูุฐู ุญูููุฉ ููุจ ุงุดุงุนุฉ ุงูุงุญุฏ ุงููุงุฏู ูููู ุฏุฎููุง ุณูุฉ 2022๐
36,@iiinf_8 ุขููู ููุญูุธ ูู ุงุญุจุงุจู
37,@h_yhs ูุงุฎู ุงูุช ูููุจู ุจุณ ููุงุณู ูุงููู ุงุญุฏ ุงุณุชูุดูู๐๐๐
38,@sssmalki ๐๐๐
39,@mjas987651 ๐๐๐
40,@khalid1396 @Abdullahgih8 ๐๐๐๐๐
41,"@Thatisme_sara ููุด ูุงูููู ููู ุฏุนุงุจุฉ ูุงุจุชุณุงูุฉ๐
ุงุญูุง ุงููู ูุญุฏุฏ ูููู ูุงุฎุฐ ุงูุฌุงูุจ ุงูุงูุฌุงุจู ููููู ูุจุณูุทูู ููููู ูุงุฎุฐ ุงูุฌุงูุจ ุงูุณูุจู ููุชูุฏุฑ ููููุง๐"
42,@sutsut0101 ๐๐๐
43,@DAutWnHvLEHxW4A ุขููู
44,@hanadisaa12 ุจุงูุนูุณ ูุงูููุง ูุดูู ูุฌุฑุฏ ุทุฑูุฉ๐
45,@H000r1111 ุทุฑูุฉ ูุฏุนุงุจุฉ ูุจูุงุชูุง ุงููู ูุญูุธูู ููุณุนุฏูู ููููููู
46,@mjas987651 ๐๐๐
47,@9azzza9 ูุงุฑุงุญ ููุดู ูู ุทูู ูุงูุงุณููุช ุจุฏุงูุฉ ุงููุทุฑ ูููู ุฒูู ุนุดุงู ุฒููุช ุงูุณูุงุฑุงุช ูุจุนุฏ ูุงูุบุณูุฉ ุงููุทุฑ ูุตูุฑ ุทุจูุนู
48,@Thatisme_sara ูุฐุง ุงูููุน ูุชูุดูุท ุงููุฎ ูุงูุฐุงูุฑุฉ๐๐
49,@hanadisaa12 ๐๐๐
50,"@hanadisaa12 ุตุญูุญ
ุงูุงุญุฏ ุงููุงุฏู ุชููู ุฏุฎูุช ุณูุฉ 2022๐"
51,"@Abdullahgih8 ููู ุชุนููู ุจูุงูุฑุณุงูุฉ
ุนุดุงู ุชุชุฃูู ูู ุฑุณุงูุฉ ุชูุตูู ูุชูุญุตูุง ูุชุนุฑู ุตุญุชูุง ูุจู ูุง ุชุฑุณููุง ๐"
52,@mileoooooo ุงููู ูุฑูุน ูุฏุฑู๐
53,"@alzym00973277 ุฅูุง ููู ูุฅูุง ุฅููู ุฑุงุฌุนูู
 ุงูููู  ุซุจุชู ุนูุฏ ุงูุณุคุงู ููููู ุญุฌุชู ูุขูุณ ูุญุดุชู ูุฃุบูุฑ ูู ูุงุฑุญูู ูุนุงูู ูุงุนู ุนูู ูุฃูุฑู ูุฒูู ููุณุน ูุฏุฎูู ูุงุบุณูู ุจุงููุงุก ูุงูุซูุฌ ูุงูุจุฑุฏ ูููู ูู ุงูุฐููุจ ูุงูุฎุทุงูุง ูุงูุฒู ุนูู ูุจุฑู ุถูุงุก ูููุฑ ููุณุญุฉ ูุณุฑูุฑ ู ุงุฌุนู ูุจุฑู ุฑูุถุฉ ูู ุฑูุงุถ ุงูุฌูุฉ .

ุนุธู ุงููู ุงุฌุฑูู ูุงุญุณู ุนุฒุงุฆูู"
54,"ูุง ุชุบุฑู ููุณู ูู ุฏุงุฆุฑุฉ ุงููุนูู ุงูุณูุจู
ุงุจุญุซ ุนู ุงูุฌุงูุจ ุงูุงูุฌุงุจู ูุฑูุฒ ุนููู ูุชุณุนุฏ๐ https://t.co/Ohv0uXCaFN"
55,@5q_ui ๐๐๐
56,@mileoooooo ุนูู ุนููู ูุฑุงุณู ูุงูุง ุงูุฒุญ๐
57,@mileoooooo ูููู ุบูุฑู ูุดูููุง ุทุฑูู  ู ุงูุช ููุณูุฉ๐
58,"@DAutWnHvLEHxW4A ุงูุฎุจุฑ ุตุญูุญ ููุจ ุงุดุงุนุฉ
ุงูุงุญุฏ ุงููุงุฏู ุชููู ุฏุฎูุช ุณูุฉ 2022๐"
59,@5q_ui ูุซุฑ ุฎูุฑู ุงู ุงุญุชุฌูุง ุงุชุฌููุง ูู๐๐
60,"@MonMbs ๐๐๐๐๐
ูุงูููุงููู ุงุฐุง ุนุทุณ ุฌูุจู ูุงุญุฏ ูู ุงููุณุฌุฏ ูุฏู ุงูุทุน ุงูุตูุงุฉ ูุงุบูุฑ ููุงูู๐๐"
61,@h____1____h ุงูุงุญุฏ ุงูุณูุฉ ุงูุฌุฏูุฏู 2022 ูุนูู ููุงููุง ุตุญูุญ100ูช
62,@Abdulrhman330 ุขููู ููุงู
63,@f2020sf2 ูุง ุชูุชู ุงููุชุนุฉ ูุงูุณูู๐๐๐
64,"ุนุงุฌู ๐ด

ุชู ุชุนููู ุงูุฏุฑุงุณุฉ ุญุชู ููุงูุฉ ุงูุนุงู 
ูุณูุชู ุงุณุชุฆูุงู ุงูุฏุงุฑุณุฉ ูู ูุทูุน ุงูุนุงู  ุงูููุจู 2022

ุฅู ุดุงุก ุงููู ุชุนุงูู"
65,"@iiinf_8 ุจุงูุนูุณ ููุฑุชู ุนููู ุฌูููุฉ ูุนูุฏู ุจูุงุชู ุนุณู ุนูู ููุจู
ุจุณ ูู ุงูุงุณุฑุงุฑ ุงูุจูุช ูุงุชุชุญูู ุชูุชู ุงูุณุฑ ูุงุฒู ุชูุฑุบ ูุงุญุฏ ูุงูุงุญุฏ ููุฑุบ ูุงุฎุฑ ููู ุงูููุงูุฉ ููุชุดุฑ ุจุณุฑุนุฉ ูุงุฆูุฉ ุงูุชุดุงุฑ ุงููุงุฑ ูู ุงููุดูู๐"
66,@almaha__321 ๐๐๐
67,@Kmy1Kmy ๐๐๐
68,@A45969241 ุนูุฏูุง ููุช ุงูุตูุงุฉ ูุงูุงู ููู ูุทุฑ ุจุฏุฃ ุงููุทุฑ ุจุนุฏ ูุงุทูุนูุง ูู ุตูุงุฉ ุงููุฌุฑ ุจ 15 ุฏูููุฉ
69,@fahadalatar1 ููุง ูุณููุง ุตุจุงุญ ุงูููุฑ ูุงูุณุฑูุฑ
70,@APbpcySW0FOrtBf ๐๐๐
71,"ูุงุฑุจ ุณูู ุณูู
ูุงูููุจ ุงููููุจ ูุงูุงุจุตุงุฑ ุซุจุช ูููุจูุง ุนูู ุทุงุนุชู
 https://t.co/5tGXSJvlrj"
72,"ุฃูุทุฑุช ุณูุฏุฉ ูู ุงููุฏู ุฃูุทุฑุช ูุฌุฏ ุงูุนุฐููุฉ
#ุงูุฑูุงุถ_ุงูุงู
ูุงูู ุฌู ุฌูุณุฉ ูู ุงูุจูุช ุงูุฌู ูุจู ูู ูููุฉ ูุดุงูู ูุชูุดู ูุจุนุฏ ุตูุงุฉ ุงูุฌูุนุฉ ูุดุชู ุนูู ุงุญุฏ ุงูุดุนุจุงู ุงููู ุงูุณูู ููุดู ูููุง๐๐
 https://t.co/n5iJ2tmN3h"
73,@abuanas11131 ููุง ุชุจุงูู ุงุญุณู ูุงุชุนูุด ูู ูู ูุบู๐
74,@mVjVSbyWRnY1056 ุงููุตูุฑ ููู ูุตูุฑ ุตูุฑุฉ 4 ูู 6 ๐๐
75,@ks93536892 ๐๐๐๐
76,ุงูููู ุงุฌุนู ูุงูุฏูุง ูููููุง ุงูููู ุณููุงู ููู ุทุงู ุนูุฑู ูุญุณู ุนููู ุงูููู ุงุทู ุนูุฑู ุนูู ุทุงุนุชู ููููู ููู ุฎูุฑ ูุงุฌุนู ุนููู ูู ุฑุถุงู ูุงูุตุฑู ุนูู ูู ุนุงุฏุงู ุงูููู ูู ูู ุนูู ููุตูุฑุง ููุนุฏูู ูุงุฒูุงู ูููููุง  #ุงูููู_ุณููุงู_86_ุณูู https://t.co/mwnhkhPWgO
77,"ุฏูุฑุฉ ููุงู (ุงูุฑููู ุงููู)
ุงูู ุดู ุนูุฏูู ูุงุญุฏ ูุดูู ูุฌูู๐๐ https://t.co/hocik1TOaI"
78,@Borkan2002 ููุญููููู ุฌููู ุนุจุงุฑุฉ ุนู ููู ูุงู ุจุจุทููุชู ุงูุญูููุฉ ุงููุจูุงููุฉ ุนุดุงู ููุตููุง ูู ุฑุณุงูุฉ ุงููุง ูููุน ุชุตุฏูุฑ ุงููุฎุฏุฑุงุช ููุฎููุฌ ุนูู ูุงูุงุณุงุณ ูุฌุจ ุงู ุชุดูุฑููุง ูุชููุญูููุง ุงูุซูุฉ ูุฏุฎู ุจุถุงุฆุนูุง๐๐
79,@sama_kh02 ุตุงุญุจ ุชุฌุฑุจุฉ ูุฑูุฑุฉ๐๐๐
80,@KSA_hail25 ๐๐๐
81,@mohammed_AA_M ุตุจุงุญ ุงูููุฑ ูุงูุณุฑูุฑ
82,@fsl2525 ๐
83,@Raed2030otb ๐๐๐๐ุตุงุฏู
84,@Amal95112113 ุนููู ุงูุถู ุงูุตูุงุฉ ูุงูุณูุงู ูุนูู ุงููู ูุตุญุจู ููู ุชุจุนู ุจุฅุญุณุงู ุงูู ููู ุงูุฏูู
85,"ูุญุจููู ููุญุชูููู ุจุนูุฏ ูููุงุฏู... 
ุฃุฌู ูู ููุฑูููู ูุด ุจูุณูู ูููุโผ๏ธ

 https://t.co/nYOpEbtYgr"
86,@SunbolahDesigns ุงูุนู ูุงูุฑู ูุงุจููุญูุฏ ุฑูุน ุงููู ูุฏุฑู ูุณุนุฏุช ุจูุฑูุฑู ูุชุนูููู ููู ุฌุฒูู ุงูุดูุฑ๐
87,ุงุฐุง ุฒุนูุช ุนููู ููุดุฑุช ุซูุงุจู๐๐๐ https://t.co/k6bsUTC6Uo
88,ูุชุตุงุฏู ูุน ุจูุช ูุฏูุฑุชู ุจุงููููุงุฌ๐๐ https://t.co/7gKJ4mhS5i
89,ุงูุญู ูุธููุฉ๐๐๐ https://t.co/F8pJ5yPJu3
90,ููุง ุชุณุชุนุฏ ูููุฎุงุทุฑุฉ๐๐ https://t.co/YbSvNwmw4a
91,ูุชุถุงุฑุจ ูุน ุงุจูุฌูู๐๐ https://t.co/XLMglP1E5e
92,ูููุฉ ุญุจุดูุฉ๐๐ https://t.co/7YPqXTsMTC
93,ุณุจุญุงู ูุบูุฑ ุงูุฃุญูุงู๐๐๐ https://t.co/dlhLFnuukM
94,ูุตุงุฆุญ ุฌูููุฉ ููููุฏุฉ๐ https://t.co/vHc8LUPt53
95,ุงุชูู๐๐ https://t.co/8Qyiv4daDz
96,ูุฐุง ุชุญููุฒ ุจูุณูุฉ๐๐ https://t.co/WwESe3ypPP
97,ูู ุตุงุฏู๐๐ https://t.co/nIeGwsor1d
98,ูุฐุง ูุงููู ุงูุจูุดุฉ๐๐๐ https://t.co/hSILSlClg1
99,ูุง ุชุจูุน ุงูุจูุถ ุนูู ุณูุงูููู๐๐ https://t.co/xYA40vs5RS
